/*
Navicat MySQL Data Transfer

Source Server         : localhost
Source Server Version : 50719
Source Host           : 127.0.0.1:3306
Source Database       : bx

Target Server Type    : MYSQL
Target Server Version : 50719
File Encoding         : 65001

Date: 2018-04-18 11:56:33
*/

SET FOREIGN_KEY_CHECKS=0;

-- ----------------------------
-- Table structure for b_admin
-- ----------------------------
DROP TABLE IF EXISTS `b_admin`;
CREATE TABLE `b_admin` (
  `aid` varchar(32) NOT NULL,
  `email` varchar(100) DEFAULT NULL COMMENT '邮箱，登录名',
  `loginpass` varchar(50) DEFAULT NULL,
  `name` varchar(50) DEFAULT NULL COMMENT '管理员姓名',
  `phone` bigint(20) DEFAULT NULL,
  `identity` varchar(10) DEFAULT NULL COMMENT '身份识别，1为超级管理员，2为维修员',
  `fid` varchar(32) DEFAULT NULL COMMENT '维修员负责的楼栋',
  `tid` varchar(32) DEFAULT NULL COMMENT '维修员负责的区域模块',
  PRIMARY KEY (`aid`),
  KEY `fid2` (`fid`),
  KEY `tid2` (`tid`),
  KEY `name` (`name`),
  CONSTRAINT `fid2` FOREIGN KEY (`fid`) REFERENCES `b_floor` (`fid`),
  CONSTRAINT `tid2` FOREIGN KEY (`tid`) REFERENCES `b_type` (`tid`)
) ENGINE=InnoDB DEFAULT CHARSET=utf8;

-- ----------------------------
-- Records of b_admin
-- ----------------------------
INSERT INTO `b_admin` VALUES ('092C31E85D314466900E3D1AA3564849', 'sb@163.com', 'sbadmin', '管理员', '15815403222', '1', null, null);
INSERT INTO `b_admin` VALUES ('092C31E85D314466900E3D1AA3564850', 'li@163.com', 'li', '李明师傅', '15815403444', '2', 'AADDA256F35144D6B4034712A57319FE', '000A18FDB38F470DBE9CD0972BADB23F');
INSERT INTO `b_admin` VALUES ('092C31E85D314466900E3D1AA3566850', 'zhang@163.com', 'zh', '张大师傅', '15815403333', '2', 'AADDA256F35144D6B4034722A5731934', '000A18FDB38F470DBE8CD0972BADB24F');
INSERT INTO `b_admin` VALUES ('1AEF0E1A18C141FEBA430FFD01BBBE79', '119@163.com', '111', '龙师傅', '13335222424', '2', 'AADDA256F35144D6B4034722A5731935', '010A18FDB38F470DBE8CD0972BADB24F');
INSERT INTO `b_admin` VALUES ('53BED6D8047044728BEA73476CD2AEC4', '110@163.com', '111', '诸葛师傅', '13335322424', '2', 'AADDA256F35144D6B4034722A5731934', '010A18FDB38F470DBE8CD0972BADB24F');
INSERT INTO `b_admin` VALUES ('BE6F4A776B8F4526B7D88025DA3BD5DF', '1195@163.com', '111', '马师傅', '13335222425', '2', 'AADDA256F35144D6B4034722A57319F9', '100A18FDB38F470DBE8CD0972BADB24F');

-- ----------------------------
-- Table structure for b_chat
-- ----------------------------
DROP TABLE IF EXISTS `b_chat`;
CREATE TABLE `b_chat` (
  `cid` varchar(32) NOT NULL,
  `name` varchar(255) DEFAULT NULL COMMENT '发送人的姓名',
  `content` varchar(10240) DEFAULT NULL COMMENT '发送的内容',
  `date5` char(20) DEFAULT '' COMMENT '记录对比后的时间',
  `date` char(20) DEFAULT NULL COMMENT '记录发送信息的时间',
  PRIMARY KEY (`cid`),
  KEY `name` (`name`),
  CONSTRAINT `name` FOREIGN KEY (`name`) REFERENCES `b_admin` (`name`)
) ENGINE=InnoDB DEFAULT CHARSET=utf8;

-- ----------------------------
-- Records of b_chat
-- ----------------------------
INSERT INTO `b_chat` VALUES ('031925D5052A4E4EBE2E9C7E3CD2EB9A', '管理员', '10', '', '2018-04-17 21:20:08');
INSERT INTO `b_chat` VALUES ('0A2C611E9AFB47D0A97D5138DE2D0782', '管理员', '2', null, '2018-04-16 14:44:37');
INSERT INTO `b_chat` VALUES ('0B936C71BA5E4F2AB5EA3E6FEDFEE7B4', '管理员', '5', null, '2018-04-16 20:01:33');
INSERT INTO `b_chat` VALUES ('35D7C3352DD94CCAA00B965A945D74C0', '管理员', '6', null, '2018-04-16 20:01:43');
INSERT INTO `b_chat` VALUES ('36512FBA8873440ABA9E714A27AAC624', '张大师傅', '9', '', '2018-04-17 21:19:36');
INSERT INTO `b_chat` VALUES ('3F089C14FE53407EA4CB1E4DE727B7D1', '管理员', '4', null, '2018-04-16 19:36:10');
INSERT INTO `b_chat` VALUES ('43E58729C71043B6BA5D829B5025E09A', '张大师傅', '7', null, '2018-04-17 01:05:01');
INSERT INTO `b_chat` VALUES ('695AD5918FD84863B96C403F657FC570', '管理员', '1', null, '2018-04-16 12:27:59');
INSERT INTO `b_chat` VALUES ('AC45B2D5BFC24A9F916D2D43E5102B31', '管理员', '8', null, '2018-04-17 01:05:28');
INSERT INTO `b_chat` VALUES ('C13C2C235FFA4F119AC9F373C80FD0AB', '张大师傅', '3', null, '2018-04-16 14:44:48');

-- ----------------------------
-- Table structure for b_floor
-- ----------------------------
DROP TABLE IF EXISTS `b_floor`;
CREATE TABLE `b_floor` (
  `fid` varchar(32) NOT NULL,
  `fname` varchar(30) DEFAULT NULL COMMENT '楼栋名或教学楼名或行政区域',
  `orderBy` int(11) DEFAULT NULL,
  `ttid` varchar(5) DEFAULT NULL,
  PRIMARY KEY (`fid`),
  KEY `fname` (`fname`),
  KEY `ttid` (`ttid`),
  CONSTRAINT `ttid` FOREIGN KEY (`ttid`) REFERENCES `b_type` (`ttid`)
) ENGINE=InnoDB DEFAULT CHARSET=utf8;

-- ----------------------------
-- Records of b_floor
-- ----------------------------
INSERT INTO `b_floor` VALUES ('AADDA256F35144D6B4034712A57319FE', '22栋', '22', '2');
INSERT INTO `b_floor` VALUES ('AADDA256F35144D6B4034712A67319FE', '21栋', '21', '2');
INSERT INTO `b_floor` VALUES ('AADDA256F35144D6B4034722A5731910', '10栋', '10', '2');
INSERT INTO `b_floor` VALUES ('AADDA256F35144D6B4034722A5731911', '11栋', '11', '2');
INSERT INTO `b_floor` VALUES ('AADDA256F35144D6B4034722A5731912', '12栋', '12', '2');
INSERT INTO `b_floor` VALUES ('AADDA256F35144D6B4034722A5731913', '13栋', '13', '2');
INSERT INTO `b_floor` VALUES ('AADDA256F35144D6B4034722A5731914', '14栋', '14', '2');
INSERT INTO `b_floor` VALUES ('AADDA256F35144D6B4034722A5731915', '15栋', '15', '2');
INSERT INTO `b_floor` VALUES ('AADDA256F35144D6B4034722A5731916', '16栋', '16', '2');
INSERT INTO `b_floor` VALUES ('AADDA256F35144D6B4034722A5731917', '17栋', '17', '2');
INSERT INTO `b_floor` VALUES ('AADDA256F35144D6B4034722A5731918', '18栋', '18', '2');
INSERT INTO `b_floor` VALUES ('AADDA256F35144D6B4034722A5731919', '19栋', '19', '2');
INSERT INTO `b_floor` VALUES ('AADDA256F35144D6B4034722A5731923', '1号教学楼', '23', '3');
INSERT INTO `b_floor` VALUES ('AADDA256F35144D6B4034722A5731924', '2号教学楼', '24', '3');
INSERT INTO `b_floor` VALUES ('AADDA256F35144D6B4034722A5731925', '3号教学楼', '25', '3');
INSERT INTO `b_floor` VALUES ('AADDA256F35144D6B4034722A5731926', '4号教学楼', '26', '3');
INSERT INTO `b_floor` VALUES ('AADDA256F35144D6B4034722A5731927', '5号教学楼', '27', '3');
INSERT INTO `b_floor` VALUES ('AADDA256F35144D6B4034722A5731928', '6号教学楼', '28', '3');
INSERT INTO `b_floor` VALUES ('AADDA256F35144D6B4034722A5731929', '7号教学楼', '29', '3');
INSERT INTO `b_floor` VALUES ('AADDA256F35144D6B4034722A5731930', '8号教学楼', '30', '3');
INSERT INTO `b_floor` VALUES ('AADDA256F35144D6B4034722A5731931', '9号教学楼', '31', '3');
INSERT INTO `b_floor` VALUES ('AADDA256F35144D6B4034722A5731932', '10号教学楼', '32', '3');
INSERT INTO `b_floor` VALUES ('AADDA256F35144D6B4034722A5731933', '11号教学楼', '33', '3');
INSERT INTO `b_floor` VALUES ('AADDA256F35144D6B4034722A5731934', '行政楼', '34', '1');
INSERT INTO `b_floor` VALUES ('AADDA256F35144D6B4034722A5731935', '图书馆', '35', '1');
INSERT INTO `b_floor` VALUES ('AADDA256F35144D6B4034722A5731936', '万人大食堂', '36', '1');
INSERT INTO `b_floor` VALUES ('AADDA256F35144D6B4034722A5731937', '附中食堂', '37', '1');
INSERT INTO `b_floor` VALUES ('AADDA256F35144D6B4034722A5731938', '教职工食堂', '38', '1');
INSERT INTO `b_floor` VALUES ('AADDA256F35144D6B4034722A57319F1', '1栋', '1', '2');
INSERT INTO `b_floor` VALUES ('AADDA256F35144D6B4034722A57319F2', '2栋', '2', '2');
INSERT INTO `b_floor` VALUES ('AADDA256F35144D6B4034722A57319F3', '3栋', '3', '2');
INSERT INTO `b_floor` VALUES ('AADDA256F35144D6B4034722A57319F4', '4栋', '4', '2');
INSERT INTO `b_floor` VALUES ('AADDA256F35144D6B4034722A57319F5', '5栋', '5', '2');
INSERT INTO `b_floor` VALUES ('AADDA256F35144D6B4034722A57319F6', '6栋', '6', '2');
INSERT INTO `b_floor` VALUES ('AADDA256F35144D6B4034722A57319F7', '7栋', '7', '2');
INSERT INTO `b_floor` VALUES ('AADDA256F35144D6B4034722A57319F8', '8栋', '8', '2');
INSERT INTO `b_floor` VALUES ('AADDA256F35144D6B4034722A57319F9', '9栋', '9', '2');
INSERT INTO `b_floor` VALUES ('AADDA256F35144D6B4034722A57319FE', '20栋', '20', '2');

-- ----------------------------
-- Table structure for b_project
-- ----------------------------
DROP TABLE IF EXISTS `b_project`;
CREATE TABLE `b_project` (
  `pid` varchar(32) NOT NULL,
  `pname` varchar(100) DEFAULT NULL,
  `sort` varchar(50) DEFAULT NULL,
  `image` varchar(100) DEFAULT NULL,
  `details` varchar(100) DEFAULT NULL,
  `address` varchar(100) DEFAULT NULL,
  PRIMARY KEY (`pid`)
) ENGINE=InnoDB DEFAULT CHARSET=utf8;

-- ----------------------------
-- Records of b_project
-- ----------------------------
INSERT INTO `b_project` VALUES ('000A18FDB38F470DBE9CD0972BA1B23F', '水龙头', '水电类', null, null, '22#a425');
INSERT INTO `b_project` VALUES ('000A18FDB38F470DBE9CD0972BADB23F', null, null, null, null, null);

-- ----------------------------
-- Table structure for b_range
-- ----------------------------
DROP TABLE IF EXISTS `b_range`;
CREATE TABLE `b_range` (
  `wid` varchar(32) NOT NULL,
  `wname` varchar(20) DEFAULT NULL,
  `wtype` varchar(50) DEFAULT NULL,
  PRIMARY KEY (`wid`)
) ENGINE=InnoDB DEFAULT CHARSET=utf8;

-- ----------------------------
-- Records of b_range
-- ----------------------------
INSERT INTO `b_range` VALUES ('000A18FDB38F470DBE9CD0972BA1B23F', '宿舍区', '水电类');

-- ----------------------------
-- Table structure for b_record
-- ----------------------------
DROP TABLE IF EXISTS `b_record`;
CREATE TABLE `b_record` (
  `rid` varchar(32) NOT NULL,
  `uid` varchar(32) DEFAULT NULL COMMENT '用户id',
  `tid` varchar(32) CHARACTER SET utf8mb4 DEFAULT NULL COMMENT '范围id',
  `aid` varchar(32) DEFAULT NULL COMMENT '管理员id',
  `details` varchar(100) DEFAULT NULL COMMENT '故障描述',
  `status` int(11) DEFAULT NULL COMMENT '物品修复状态',
  `address` varchar(100) DEFAULT NULL COMMENT '报修地址',
  `image` varchar(100) DEFAULT NULL COMMENT '报修时上传的图片',
  `date1` char(20) DEFAULT NULL COMMENT '表单提交的时间',
  `date3` char(20) DEFAULT NULL COMMENT '评价时间与目前事件间隔',
  `date4` char(20) DEFAULT NULL COMMENT '记录师傅完成时间',
  `date5` datetime DEFAULT NULL COMMENT '获取第二天的时间，即表单的危险时间，催单时间',
  `date6` char(20) DEFAULT NULL COMMENT '记录用户提交评价时间',
  `evaluation` varchar(100) DEFAULT NULL COMMENT '评价内容',
  `message` varchar(100) DEFAULT NULL COMMENT '师傅留言信息',
  `orderBy` int(11) NOT NULL AUTO_INCREMENT,
  `reason` varchar(255) DEFAULT NULL COMMENT '不能报修的原因',
  PRIMARY KEY (`rid`),
  KEY `tid` (`tid`),
  KEY `uid` (`uid`),
  KEY `orderBy` (`orderBy`) USING BTREE,
  KEY `aid` (`aid`),
  CONSTRAINT `aid` FOREIGN KEY (`aid`) REFERENCES `b_admin` (`aid`),
  CONSTRAINT `uid` FOREIGN KEY (`uid`) REFERENCES `b_user` (`uid`)
) ENGINE=InnoDB AUTO_INCREMENT=116 DEFAULT CHARSET=utf8;

-- ----------------------------
-- Records of b_record
-- ----------------------------
INSERT INTO `b_record` VALUES ('01C1764490E34616874FD61A05A6D851', '092C31E85D314466800E3D1AA3575860', '64A4D5CCC2D34FCD978F5F22F4E366F8', '092C31E85D314466900E3D1AA3566850', '网络太卡', '4', '101', 'img/D6995D57B31C416CB5624BBD639F2F4D_wangluo.png', '2018-04-16 13:18:57', null, null, '2018-04-17 13:18:57', '2018-04-14 18:02:51', null, null, '105', '硬件有问题！');
INSERT INTO `b_record` VALUES ('046CA7CB90B842C4A38A2DE330AF26CD', '092C31E85D314466800E3D1AA3575860', '3C8DC8316AF4449C9A1577FD8B355E75', '092C31E85D314466900E3D1AA3566850', '网络太卡', '4', '101', 'img/CDC10126B1CB4E63A0F5381DAD3607E4_wangluo.png', '2018-04-16 14:40:13', null, '2018-04-16 18:31:45', '2018-04-17 14:40:13', '2018-04-16 14:42:01', '谢谢张师傅！', null, '107', null);
INSERT INTO `b_record` VALUES ('161D9D3096994B81831C39F820CFE717', '092C31E85D314466800E3D1AA3575860', '02AC8DE72A584463BC3CB4D330E0BCF8', '092C31E85D314466900E3D1AA3566850', '网络太卡', '1', '101', 'img/0E33F8917A3344F49D009971119C931A_28ccc5f92a1d892b8b5431399f8e72f9.png', '2018-04-17 01:03:30', null, '2018-04-17 01:04:49', '2018-04-18 01:03:30', null, null, null, '113', null);
INSERT INTO `b_record` VALUES ('1772E24E02194C2BBD214270C9064828', '092C31E85D314466800E3D1AA3575860', '31D2430F5929419EA0DF47380C1CFC31', '092C31E85D314466900E3D1AA3566850', '网络太卡', '4', '101', 'img/340A65F68CD244E698940A346DD60457_back.png', '2018-04-16 20:00:03', null, '2018-04-16 20:00:41', '2018-04-17 20:00:03', '2018-04-16 20:00:59', '谢谢李师傅！', null, '111', null);
INSERT INTO `b_record` VALUES ('1CFFE3CD904F445BAF76788844FFA89B', '092C31E85D314466900E3D1AA4565850', '7C4C6B6746414E80A9C85FBEAFD8CBFB', '092C31E85D314466900E3D1AA3566850', '网络太卡', '2', '101', null, '2018-04-14 15:56:04', null, '2018-04-16 18:31:47', null, '2018-04-14 18:02:51', null, null, '90', '暂时没法处理！');
INSERT INTO `b_record` VALUES ('3ED17949289A4457996797B00FB9A659', '092C31E85D314466900E3D1AA3564850', 'CC2C1673CC09425B98DF4ADE8038557B', '092C31E85D314466900E3D1AA3564850', '网络太卡', '4', 'a425', 'img/828822272EF5401280EE74CA33745F8D_千库网0340e9ada3f949990f2fcdf50c36d456.jpg', '2018-04-16 15:25:57', null, '2018-04-16 18:32:26', '2018-04-17 15:25:57', '2018-04-16 18:56:29', '感谢师傅的维修！', null, '110', '缺少必备的硬件');
INSERT INTO `b_record` VALUES ('4B3ED31C55E44783AFA13AD037736F28', '092C31E85D314466900E3D1AA3564850', 'B6207A3CDD744B23B983D4E6B95F832D', '092C31E85D314466900E3D1AA3564850', '水龙头漏水', '4', '425', 'img/EC70B01AC9A744A8984D81E034B4559F_千库网0340e9ada3f949990f2fcdf50c36d456.jpg', '2018-04-16 15:18:31', null, '2018-04-17 01:05:50', '2018-04-17 15:18:31', null, null, null, '109', null);
INSERT INTO `b_record` VALUES ('5B307A77C3744F74B0C7F311BC2F4ACD', '092C31E85D314466800E3D1AA3575860', '247C060E05A34E54A4880F1C67648F4C', '092C31E85D314466900E3D1AA3566850', '网络太卡', '1', '101', 'img/FA8504EE6A6B41B7B86D43C6DE9D8DF2_78e5faa12871cdd765c839c5929bede3.jpg', '2018-04-17 00:59:29', null, '2018-04-17 01:00:00', '2018-04-18 00:59:29', null, null, null, '112', null);
INSERT INTO `b_record` VALUES ('77736B43522347FDAE92BA11B73A6202', '092C31E85D314466900E3D1AA4565850', '5764F33B91344245ACA4BCAA9E9F3F1F', '092C31E85D314466900E3D1AA3564850', '水龙头漏水', '1', 'a425', 'img/F2916B1C76A24F5FB658C29F9B04449D_2.登录功能流程分析.jpg', '2018-04-14 15:20:41', null, '2018-04-14 21:17:33', null, '2018-04-14 18:02:51', null, null, '86', '简直太难了！');
INSERT INTO `b_record` VALUES ('7E3178C3D8234B73B60DB05D4DDC32DF', '092C31E85D314466800E3D1AA3575860', 'C80022065F134509A247ED698E2EE35B', '092C31E85D314466900E3D1AA3566850', '网络太卡', '4', '102', 'img/978C54F52D69463FAB4688967ED0B159_wangluo.png', '2018-04-16 13:20:15', null, '2018-04-16 15:17:21', '2018-04-17 13:20:15', '2018-04-14 18:02:51', null, null, '106', null);
INSERT INTO `b_record` VALUES ('8AFBD079277E410AB610CA47B0AED74D', '092C31E85D314466900E3D1AA4565850', '07D85AD0DC9E43E181AB574A6A9C14FD', '092C31E85D314466900E3D1AA3564850', '水龙头漏水', '2', 'a425', null, '2018-04-14 13:31:08', null, '2018-04-14 14:54:05', null, '2018-04-14 18:02:51', null, null, '85', null);
INSERT INTO `b_record` VALUES ('8E16F40A68E446188B66A13F4A7EC864', '092C31E85D314466900E3D1AA4565850', 'CFAA67557CD0490D8E0560AB8DF10AD1', '092C31E85D314466900E3D1AA3564850', '水龙头漏水15:25', '2', 'a425', 'img/12BC52797113447F8A1CEE5C863B4889_28ccc5f92a1d892b8b5431399f8e72f9.png', '2018-04-14 15:25:57', null, '2018-04-14 21:17:06', null, '2018-04-14 18:02:51', null, null, '87', null);
INSERT INTO `b_record` VALUES ('94AFD3E1B3AC4ECCAC5A6C8E6D33B041', '092C31E85D314466900E3D1AA3564850', '69289E9BB2224F8D8B7F0A2B4E933FBF', '092C31E85D314466900E3D1AA3564850', '灯管坏了！', '4', 'a425', null, '2018-04-14 15:10:11', null, '2018-04-17 01:08:08', '2018-04-15 15:10:11', null, null, null, '108', null);
INSERT INTO `b_record` VALUES ('98D3AD3C7451425CAB43057948013986', '092C31E85D314466900E3D1AA4565850', 'A6D2F5DBD78B4B7C8DDC79A9FEDD52EE', '092C31E85D314466900E3D1AA3566850', '网络太卡', '2', '1楼', 'img/1E56F64F1F4F49EA8BB0AAE6D76CDCF2_78e5faa12871cdd765c839c5929bede3.jpg', '2018-04-14 15:32:20', null, '2018-04-16 18:31:49', null, '2018-04-14 18:02:51', null, null, '88', null);
INSERT INTO `b_record` VALUES ('9DBF679395D5426F8AA4749851F2CA75', '092C31E85D314466900E3D1AA4565850', '6EE3CF225B7C41E18144070D1BF7701F', '092C31E85D314466900E3D1AA3564850', '水龙头漏水11:05', '2', 'a425', null, '2018-04-14 11:05:37', null, '2018-04-14 21:17:48', null, '2018-04-14 18:02:51', null, null, '84', '水龙头暂时短缺');
INSERT INTO `b_record` VALUES ('AB126B034D41488090812E5905809814', '092C31E85D314466800E3D1AA3575860', 'DAB044F8DBF046BF87324815517773C9', '092C31E85D314466900E3D1AA3564850', '水龙头漏水', '4', 'a425', null, '2018-04-17 21:17:45', null, null, '2018-04-18 21:17:45', null, null, null, '115', null);
INSERT INTO `b_record` VALUES ('AF3AEEA6691547C58B947A5165F3557E', '092C31E85D314466800E3D1AA3575860', '475F99262418425981E2EC1318D4E4EC', '092C31E85D314466900E3D1AA3566850', '网络太卡', '1', '101', 'img/E3A2C100F83847F59C85665B811615EF_28ccc5f92a1d892b8b5431399f8e72f9.png', '2018-04-17 01:04:41', null, '2018-04-17 21:18:47', '2018-04-18 01:04:41', null, null, null, '114', null);
INSERT INTO `b_record` VALUES ('F202834DF09340C0B5498E7B652BDC6A', '092C31E85D314466900E3D1AA4565850', 'F58F9EF7ECB84A989628C9F378CA8AC7', 'BE6F4A776B8F4526B7D88025DA3BD5DF', '心情不好', '2', '404', 'img/8C7F2A031B0941BE8D26235FAC5DBA97_Screenshot_20180413-145741.png', '2018-04-14 21:45:13', null, '2018-04-14 21:50:08', null, '2018-04-14 18:02:51', null, null, '94', null);

-- ----------------------------
-- Table structure for b_type
-- ----------------------------
DROP TABLE IF EXISTS `b_type`;
CREATE TABLE `b_type` (
  `tid` varchar(32) NOT NULL,
  `tname` varchar(20) DEFAULT NULL COMMENT '报修类别',
  `trange` varchar(30) DEFAULT NULL COMMENT '报修范围',
  `ttid` varchar(5) DEFAULT NULL COMMENT '报修类别标识',
  PRIMARY KEY (`tid`),
  KEY `ttid` (`ttid`)
) ENGINE=InnoDB DEFAULT CHARSET=utf8;

-- ----------------------------
-- Records of b_type
-- ----------------------------
INSERT INTO `b_type` VALUES ('000A18FDB38F470DBE8CD0972BADB24F', '网络', '行政区', '1');
INSERT INTO `b_type` VALUES ('000A18FDB38F470DBE9CD0972BADB23F', '水电', '宿舍区', '2');
INSERT INTO `b_type` VALUES ('000A18FDB38F470DBE9CD0972BADB24F', '门窗', '教学区', '1');
INSERT INTO `b_type` VALUES ('001A18FDB38F470DBE8CD0972BADB24F', '网络', '宿舍区', '2');
INSERT INTO `b_type` VALUES ('002A18FDB38F470DBE8CD0972BADB24F', '网络', '教学区', '3');
INSERT INTO `b_type` VALUES ('010A18FDB38F470DBE8CD0972BADB24F', '水电', '行政区', '1');
INSERT INTO `b_type` VALUES ('020A18FDB38F470DBE8CD0972BADB24F', '水电', '教学区', '3');
INSERT INTO `b_type` VALUES ('100A18FDB38F470DBE8CD0972BADB24F', '门窗', '宿舍区', '2');
INSERT INTO `b_type` VALUES ('200A18FDB38F470DBE8CD0972BADB24F', '门窗', '行政区', '3');

-- ----------------------------
-- Table structure for b_user
-- ----------------------------
DROP TABLE IF EXISTS `b_user`;
CREATE TABLE `b_user` (
  `uid` varchar(32) NOT NULL,
  `loginname` varchar(50) DEFAULT NULL COMMENT '用户名',
  `loginpass` varchar(50) DEFAULT NULL COMMENT '登录密码',
  `uname` varchar(50) DEFAULT NULL COMMENT '用户姓名',
  `sex` varchar(10) DEFAULT NULL COMMENT '性别',
  `fname` varchar(30) DEFAULT NULL COMMENT '居住的楼栋',
  `address` varchar(100) DEFAULT NULL COMMENT '所居住的具体地址',
  `phone` varchar(50) DEFAULT NULL COMMENT '联系电话',
  `email` varchar(50) DEFAULT NULL COMMENT '邮箱',
  PRIMARY KEY (`uid`),
  KEY `uname` (`uname`),
  KEY `phone` (`phone`),
  KEY `fname` (`fname`),
  CONSTRAINT `fname` FOREIGN KEY (`fname`) REFERENCES `b_floor` (`fname`)
) ENGINE=InnoDB DEFAULT CHARSET=utf8;

-- ----------------------------
-- Records of b_user
-- ----------------------------
INSERT INTO `b_user` VALUES ('092C31E85D314466800E3D1AA3575850', 'xiao', '123', '小红', '男', '20栋', '123', '15555587854', '2690399246@qq.com');
INSERT INTO `b_user` VALUES ('092C31E85D314466800E3D1AA3575860', 'hzu', '111', '惠大学生', '男', '1栋', '101', '13512345678', '2690399247@163.com');
INSERT INTO `b_user` VALUES ('092C31E85D314466900E3D1AA3564850', 'ymx', '111', '小明', '男', '22栋', 'a425', '15815403555', '2690399241@qq.com');
INSERT INTO `b_user` VALUES ('092C31E85D314466900E3D1AA3565550', 'keith', '111', '小贤', '男', '20栋', 'a425', '15815403666', '2690399245@qq.com');
INSERT INTO `b_user` VALUES ('092C31E85D314466900E3D1AA3575850', 'liubei', '111', '小呆', '男', '21栋', 'a425', '15815403777', '2690399235@qq.com');
INSERT INTO `b_user` VALUES ('092C31E85D314466900E3D1AA4565850', 'ceshi', '111', '库克', '男', '9栋', '404', '15815403888', '2690399248@qq.com');
